filepath,class,split
/content/dataset/dataset_raw/box/cardboard346.jpg,box,train
/content/dataset/dataset_raw/box/cardboard116.jpg,box,train
/content/dataset/dataset_raw/box/cardboard110.jpg,box,train
/content/dataset/dataset_raw/box/cardboard21.jpg,box,train
/content/dataset/dataset_raw/box/cardboard294.jpg,box,train
/content/dataset/dataset_raw/botol/0218102340.jpg,botol,train
/content/dataset/dataset_raw/box/cardboard209.jpg,box,train
/content/dataset/dataset_raw/box/cardboard2.jpg,box,train
/content/dataset/dataset_raw/box/cardboard33.jpg,box,train
/content/dataset/dataset_raw/botol/0218091807.jpg,botol,train
/content/dataset/dataset_raw/botol/0218101349.jpg,botol,train
/content/dataset/dataset_raw/botol/0218102513.jpg,botol,train
/content/dataset/dataset_raw/box/cardboard253.jpg,box,train
/content/dataset/dataset_raw/botol/0218101142.jpg,botol,train
/content/dataset/dataset_raw/box/cardboard339.jpg,box,train
/content/dataset/dataset_raw/botol/0218091558.jpg,botol,train
/content/dataset/dataset_raw/botol/0218091738.jpg,botol,train
/content/dataset/dataset_raw/botol/0218100854.jpg,botol,train
/content/dataset/dataset_raw/botol/0218091859.jpg,botol,train
/content/dataset/dataset_raw/box/cardboard403.jpg,box,train
/content/dataset/dataset_raw/botol/0218091403.jpg,botol,train
/content/dataset/dataset_raw/botol/0218100834.jpg,botol,train
/content/dataset/dataset_raw/box/cardboard231.jpg,box,train
/content/dataset/dataset_raw/box/cardboard247.jpg,box,train
/content/dataset/dataset_raw/botol/0218102320.jpg,botol,train
/content/dataset/dataset_raw/botol/0218092247.jpg,botol,train
/content/dataset/dataset_raw/botol/0218101419.jpg,botol,train
/content/dataset/dataset_raw/box/cardboard398.jpg,box,train
/content/dataset/dataset_raw/botol/0218102425.jpg,botol,train
/content/dataset/dataset_raw/botol/0218101258.jpg,botol,train
/content/dataset/dataset_raw/box/cardboard189.jpg,box,train
/content/dataset/dataset_raw/botol/0218100256.jpg,botol,train
/content/dataset/dataset_raw/box/cardboard59.jpg,box,train
/content/dataset/dataset_raw/box/cardboard108.jpg,box,train
/content/dataset/dataset_raw/botol/0218091249.jpg,botol,train
/content/dataset/dataset_raw/box/cardboard392.jpg,box,train
/content/dataset/dataset_raw/box/cardboard285.jpg,box,train
/content/dataset/dataset_raw/box/cardboard51.jpg,box,train
/content/dataset/dataset_raw/botol/0218091108.jpg,botol,train
/content/dataset/dataset_raw/box/cardboard198.jpg,box,train
/content/dataset/dataset_raw/box/cardboard227.jpg,box,train
/content/dataset/dataset_raw/botol/0218100844.jpg,botol,train
/content/dataset/dataset_raw/botol/0218091658.jpg,botol,train
/content/dataset/dataset_raw/box/cardboard335.jpg,box,train
/content/dataset/dataset_raw/box/cardboard330.jpg,box,train
/content/dataset/dataset_raw/botol/0218091924.jpg,botol,train
/content/dataset/dataset_raw/box/cardboard289.jpg,box,train
/content/dataset/dataset_raw/botol/0218102243.jpg,botol,train
/content/dataset/dataset_raw/botol/0218092403.jpg,botol,train
/content/dataset/dataset_raw/box/cardboard56.jpg,box,train
/content/dataset/dataset_raw/box/cardboard196.jpg,box,train
/content/dataset/dataset_raw/box/cardboard223.jpg,box,train
/content/dataset/dataset_raw/box/cardboard369.jpg,box,train
/content/dataset/dataset_raw/botol/0218101214.jpg,botol,train
/content/dataset/dataset_raw/botol/0218100535.jpg,botol,train
/content/dataset/dataset_raw/box/cardboard334.jpg,box,train
/content/dataset/dataset_raw/box/cardboard7.jpg,box,train
/content/dataset/dataset_raw/box/cardboard69.jpg,box,train
/content/dataset/dataset_raw/botol/0218091144.jpg,botol,train
/content/dataset/dataset_raw/botol/0218091318.jpg,botol,train
/content/dataset/dataset_raw/box/cardboard365.jpg,box,train
/content/dataset/dataset_raw/botol/0218101013.jpg,botol,train
/content/dataset/dataset_raw/botol/0218100609.jpg,botol,train
/content/dataset/dataset_raw/botol/0218100658.jpg,botol,train
/content/dataset/dataset_raw/box/cardboard371.jpg,box,train
/content/dataset/dataset_raw/botol/0218092416.jpg,botol,train
/content/dataset/dataset_raw/botol/0218101246.jpg,botol,train
/content/dataset/dataset_raw/box/cardboard313.jpg,box,train
/content/dataset/dataset_raw/botol/0218100330.jpg,botol,train
/content/dataset/dataset_raw/botol/0218100546.jpg,botol,train
/content/dataset/dataset_raw/botol/0218102212.jpg,botol,validation
/content/dataset/dataset_raw/box/cardboard291.jpg,box,validation
/content/dataset/dataset_raw/box/cardboard12.jpg,box,validation
/content/dataset/dataset_raw/botol/0218092103.jpg,botol,validation
/content/dataset/dataset_raw/botol/0218100346.jpg,botol,validation
/content/dataset/dataset_raw/box/cardboard341.jpg,box,validation
/content/dataset/dataset_raw/botol/0218101308.jpg,botol,validation
/content/dataset/dataset_raw/box/cardboard216.jpg,box,validation
/content/dataset/dataset_raw/botol/0218091647.jpg,botol,validation
/content/dataset/dataset_raw/botol/0218091749.jpg,botol,validation
/content/dataset/dataset_raw/botol/0218101359.jpg,botol,validation
/content/dataset/dataset_raw/box/cardboard162.jpg,box,validation
/content/dataset/dataset_raw/box/cardboard148.jpg,box,validation
/content/dataset/dataset_raw/box/cardboard340.jpg,box,validation
/content/dataset/dataset_raw/box/cardboard46.jpg,box,validation
/content/dataset/dataset_raw/botol/0218101232.jpg,botol,test
/content/dataset/dataset_raw/botol/0218102722.jpg,botol,test
/content/dataset/dataset_raw/botol/0218100725.jpg,botol,test
/content/dataset/dataset_raw/box/cardboard114.jpg,box,test
/content/dataset/dataset_raw/box/cardboard229.jpg,box,test
/content/dataset/dataset_raw/botol/0218101430.jpg,botol,test
/content/dataset/dataset_raw/botol/0218092432.jpg,botol,test
/content/dataset/dataset_raw/box/cardboard151.jpg,box,test
/content/dataset/dataset_raw/box/cardboard11.jpg,box,test
/content/dataset/dataset_raw/box/cardboard201.jpg,box,test
/content/dataset/dataset_raw/box/cardboard61.jpg,box,test
/content/dataset/dataset_raw/botol/0218100307.jpg,botol,test
/content/dataset/dataset_raw/botol/0218100412.jpg,botol,test
/content/dataset/dataset_raw/botol/0218091233.jpg,botol,test
/content/dataset/dataset_raw/box/cardboard298.jpg,box,test
