filename,class,filepath,width,height,format
0218091108.jpg,botol,/content/dataset/dataset_raw/botol/0218091108.jpg,200,150,JPG
0218091144.jpg,botol,/content/dataset/dataset_raw/botol/0218091144.jpg,200,150,JPG
0218091233.jpg,botol,/content/dataset/dataset_raw/botol/0218091233.jpg,200,150,JPG
0218091249.jpg,botol,/content/dataset/dataset_raw/botol/0218091249.jpg,200,150,JPG
0218091318.jpg,botol,/content/dataset/dataset_raw/botol/0218091318.jpg,200,150,JPG
0218091403.jpg,botol,/content/dataset/dataset_raw/botol/0218091403.jpg,200,150,JPG
0218091558.jpg,botol,/content/dataset/dataset_raw/botol/0218091558.jpg,200,150,JPG
0218091647.jpg,botol,/content/dataset/dataset_raw/botol/0218091647.jpg,200,150,JPG
0218091658.jpg,botol,/content/dataset/dataset_raw/botol/0218091658.jpg,200,150,JPG
0218091738.jpg,botol,/content/dataset/dataset_raw/botol/0218091738.jpg,200,150,JPG
0218091749.jpg,botol,/content/dataset/dataset_raw/botol/0218091749.jpg,200,150,JPG
0218091807.jpg,botol,/content/dataset/dataset_raw/botol/0218091807.jpg,200,150,JPG
0218091859.jpg,botol,/content/dataset/dataset_raw/botol/0218091859.jpg,200,150,JPG
0218091924.jpg,botol,/content/dataset/dataset_raw/botol/0218091924.jpg,200,150,JPG
0218092103.jpg,botol,/content/dataset/dataset_raw/botol/0218092103.jpg,200,150,JPG
0218092247.jpg,botol,/content/dataset/dataset_raw/botol/0218092247.jpg,200,150,JPG
0218092403.jpg,botol,/content/dataset/dataset_raw/botol/0218092403.jpg,200,150,JPG
0218092416.jpg,botol,/content/dataset/dataset_raw/botol/0218092416.jpg,200,150,JPG
0218092432.jpg,botol,/content/dataset/dataset_raw/botol/0218092432.jpg,200,150,JPG
0218100256.jpg,botol,/content/dataset/dataset_raw/botol/0218100256.jpg,200,150,JPG
0218100307.jpg,botol,/content/dataset/dataset_raw/botol/0218100307.jpg,200,150,JPG
0218100330.jpg,botol,/content/dataset/dataset_raw/botol/0218100330.jpg,200,150,JPG
0218100346.jpg,botol,/content/dataset/dataset_raw/botol/0218100346.jpg,200,150,JPG
0218100412.jpg,botol,/content/dataset/dataset_raw/botol/0218100412.jpg,200,150,JPG
0218100535.jpg,botol,/content/dataset/dataset_raw/botol/0218100535.jpg,200,150,JPG
0218100546.jpg,botol,/content/dataset/dataset_raw/botol/0218100546.jpg,200,150,JPG
0218100609.jpg,botol,/content/dataset/dataset_raw/botol/0218100609.jpg,200,150,JPG
0218100658.jpg,botol,/content/dataset/dataset_raw/botol/0218100658.jpg,200,150,JPG
0218100725.jpg,botol,/content/dataset/dataset_raw/botol/0218100725.jpg,200,150,JPG
0218100834.jpg,botol,/content/dataset/dataset_raw/botol/0218100834.jpg,200,150,JPG
0218100844.jpg,botol,/content/dataset/dataset_raw/botol/0218100844.jpg,200,150,JPG
0218100854.jpg,botol,/content/dataset/dataset_raw/botol/0218100854.jpg,200,150,JPG
0218101013.jpg,botol,/content/dataset/dataset_raw/botol/0218101013.jpg,200,150,JPG
0218101142.jpg,botol,/content/dataset/dataset_raw/botol/0218101142.jpg,200,150,JPG
0218101214.jpg,botol,/content/dataset/dataset_raw/botol/0218101214.jpg,200,150,JPG
0218101232.jpg,botol,/content/dataset/dataset_raw/botol/0218101232.jpg,200,150,JPG
0218101246.jpg,botol,/content/dataset/dataset_raw/botol/0218101246.jpg,200,150,JPG
0218101258.jpg,botol,/content/dataset/dataset_raw/botol/0218101258.jpg,200,150,JPG
0218101308.jpg,botol,/content/dataset/dataset_raw/botol/0218101308.jpg,200,150,JPG
0218101349.jpg,botol,/content/dataset/dataset_raw/botol/0218101349.jpg,200,150,JPG
0218101359.jpg,botol,/content/dataset/dataset_raw/botol/0218101359.jpg,200,150,JPG
0218101419.jpg,botol,/content/dataset/dataset_raw/botol/0218101419.jpg,200,150,JPG
0218101430.jpg,botol,/content/dataset/dataset_raw/botol/0218101430.jpg,200,150,JPG
0218102212.jpg,botol,/content/dataset/dataset_raw/botol/0218102212.jpg,200,150,JPG
0218102243.jpg,botol,/content/dataset/dataset_raw/botol/0218102243.jpg,200,150,JPG
0218102320.jpg,botol,/content/dataset/dataset_raw/botol/0218102320.jpg,200,150,JPG
0218102340.jpg,botol,/content/dataset/dataset_raw/botol/0218102340.jpg,200,150,JPG
0218102425.jpg,botol,/content/dataset/dataset_raw/botol/0218102425.jpg,200,150,JPG
0218102513.jpg,botol,/content/dataset/dataset_raw/botol/0218102513.jpg,200,150,JPG
0218102722.jpg,botol,/content/dataset/dataset_raw/botol/0218102722.jpg,200,150,JPG
cardboard108.jpg,box,/content/dataset/dataset_raw/box/cardboard108.jpg,200,150,JPG
cardboard11.jpg,box,/content/dataset/dataset_raw/box/cardboard11.jpg,200,150,JPG
cardboard110.jpg,box,/content/dataset/dataset_raw/box/cardboard110.jpg,200,150,JPG
cardboard114.jpg,box,/content/dataset/dataset_raw/box/cardboard114.jpg,200,150,JPG
cardboard116.jpg,box,/content/dataset/dataset_raw/box/cardboard116.jpg,200,150,JPG
cardboard12.jpg,box,/content/dataset/dataset_raw/box/cardboard12.jpg,200,150,JPG
cardboard148.jpg,box,/content/dataset/dataset_raw/box/cardboard148.jpg,200,150,JPG
cardboard151.jpg,box,/content/dataset/dataset_raw/box/cardboard151.jpg,200,150,JPG
cardboard162.jpg,box,/content/dataset/dataset_raw/box/cardboard162.jpg,200,150,JPG
cardboard189.jpg,box,/content/dataset/dataset_raw/box/cardboard189.jpg,200,150,JPG
cardboard196.jpg,box,/content/dataset/dataset_raw/box/cardboard196.jpg,200,150,JPG
cardboard198.jpg,box,/content/dataset/dataset_raw/box/cardboard198.jpg,200,150,JPG
cardboard2.jpg,box,/content/dataset/dataset_raw/box/cardboard2.jpg,200,150,JPG
cardboard201.jpg,box,/content/dataset/dataset_raw/box/cardboard201.jpg,200,150,JPG
cardboard209.jpg,box,/content/dataset/dataset_raw/box/cardboard209.jpg,200,150,JPG
cardboard21.jpg,box,/content/dataset/dataset_raw/box/cardboard21.jpg,200,150,JPG
cardboard216.jpg,box,/content/dataset/dataset_raw/box/cardboard216.jpg,200,150,JPG
cardboard223.jpg,box,/content/dataset/dataset_raw/box/cardboard223.jpg,200,150,JPG
cardboard227.jpg,box,/content/dataset/dataset_raw/box/cardboard227.jpg,200,150,JPG
cardboard229.jpg,box,/content/dataset/dataset_raw/box/cardboard229.jpg,200,150,JPG
cardboard231.jpg,box,/content/dataset/dataset_raw/box/cardboard231.jpg,200,150,JPG
cardboard247.jpg,box,/content/dataset/dataset_raw/box/cardboard247.jpg,200,150,JPG
cardboard253.jpg,box,/content/dataset/dataset_raw/box/cardboard253.jpg,200,150,JPG
cardboard285.jpg,box,/content/dataset/dataset_raw/box/cardboard285.jpg,200,150,JPG
cardboard289.jpg,box,/content/dataset/dataset_raw/box/cardboard289.jpg,200,150,JPG
cardboard291.jpg,box,/content/dataset/dataset_raw/box/cardboard291.jpg,200,150,JPG
cardboard294.jpg,box,/content/dataset/dataset_raw/box/cardboard294.jpg,200,150,JPG
cardboard298.jpg,box,/content/dataset/dataset_raw/box/cardboard298.jpg,200,150,JPG
cardboard313.jpg,box,/content/dataset/dataset_raw/box/cardboard313.jpg,200,150,JPG
cardboard33.jpg,box,/content/dataset/dataset_raw/box/cardboard33.jpg,200,150,JPG
cardboard330.jpg,box,/content/dataset/dataset_raw/box/cardboard330.jpg,200,150,JPG
cardboard334.jpg,box,/content/dataset/dataset_raw/box/cardboard334.jpg,200,150,JPG
cardboard335.jpg,box,/content/dataset/dataset_raw/box/cardboard335.jpg,200,150,JPG
cardboard339.jpg,box,/content/dataset/dataset_raw/box/cardboard339.jpg,200,150,JPG
cardboard340.jpg,box,/content/dataset/dataset_raw/box/cardboard340.jpg,200,150,JPG
cardboard341.jpg,box,/content/dataset/dataset_raw/box/cardboard341.jpg,200,150,JPG
cardboard346.jpg,box,/content/dataset/dataset_raw/box/cardboard346.jpg,200,150,JPG
cardboard365.jpg,box,/content/dataset/dataset_raw/box/cardboard365.jpg,200,150,JPG
cardboard369.jpg,box,/content/dataset/dataset_raw/box/cardboard369.jpg,200,150,JPG
cardboard371.jpg,box,/content/dataset/dataset_raw/box/cardboard371.jpg,200,150,JPG
cardboard392.jpg,box,/content/dataset/dataset_raw/box/cardboard392.jpg,200,150,JPG
cardboard398.jpg,box,/content/dataset/dataset_raw/box/cardboard398.jpg,200,150,JPG
cardboard403.jpg,box,/content/dataset/dataset_raw/box/cardboard403.jpg,200,150,JPG
cardboard46.jpg,box,/content/dataset/dataset_raw/box/cardboard46.jpg,200,150,JPG
cardboard51.jpg,box,/content/dataset/dataset_raw/box/cardboard51.jpg,200,150,JPG
cardboard56.jpg,box,/content/dataset/dataset_raw/box/cardboard56.jpg,200,150,JPG
cardboard59.jpg,box,/content/dataset/dataset_raw/box/cardboard59.jpg,200,150,JPG
cardboard61.jpg,box,/content/dataset/dataset_raw/box/cardboard61.jpg,200,150,JPG
cardboard69.jpg,box,/content/dataset/dataset_raw/box/cardboard69.jpg,200,150,JPG
cardboard7.jpg,box,/content/dataset/dataset_raw/box/cardboard7.jpg,200,150,JPG
